﻿{
    "StartupMessage": "SysDaemon v{0} erfolgreich gestartet",
    "InitializingMessage": "SysDaemon v{0} wird initialisiert...",
    "ScriptDirectoryMessage": "Skript-Verzeichnis: {0}",
    "LogFileMessage": "Log-Datei: {0}",
    "AdminCheckMessage": "Prüfe Administrator-Berechtigungen...",
    "AdminRequiredMessage": "FEHLER: Administrator-Berechtigungen erforderlich. Bitte führen Sie PowerShell als Administrator aus, um geplante Aufgaben zu erstellen.",
    "AdminPrivilegesConfirmed": "Administrator-Berechtigungen bestätigt.",
    "ParameterValidationMessage": "Action-Parameter validiert: {0} (normalisiert: {1})",
    "LanguagePackRequestMessage": "Angefordertes Sprachpaket: {0}",
    "LanguagePackAttemptMessage": "Versuche Sprachpaket zu laden: {0}",
    "LanguagePackSuccessMessage": "Sprachpaket erfolgreich geladen: {0}",
    "LanguagePackFallbackMessage": "Angefordertes Sprachpaket '{0}' nicht verfügbar, verwende en-us.json als Fallback",
    "BeginProcessingMessage": "Beginne Hauptverarbeitung für Aktion: {0}",
    "ScriptFinishedMessage": "SysDaemon Ausführung erfolgreich beendet.",
    "ScriptTerminationMessage": "Skript-Ausführung mit Exit-Code beendet: {0}",
    
    "StartAddJob": "Starte add-job Vorgang: Erstelle geplante Aufgabe",
    "StartDeleteJob": "Starte del-job Vorgang: Lösche geplante Aufgabe", 
    "StartExecuteJob": "Starte exec-job Vorgang: Führe geplante Aufgabe aus",
    "StartKillJob": "Starte kill-job Vorgang: Stoppe und deaktiviere geplante Aufgabe",
    
    "XMLTemplateFileFound": "XML-Template-Datei gefunden: {0}",
    "CheckingExistingTask": "Suche nach bereits bestehender geplanter Aufgabe...",
    "ExistingTaskRemoved": "Bestehende Aufgabe erfolgreich entfernt.",
    "NoExistingTaskFound": "Keine bestehende Aufgabe gefunden, fahre mit Erstellung fort.",
    "TaskRegisteredFromXML": "Aufgabe erfolgreich aus XML registriert.",
    "UpdatingTaskArguments": "Aktualisiere Aufgaben-Argumente mit vollständigem Skript-Pfad: {0}",
    "TaskArgumentsUpdated": "Aufgaben-Argumente erfolgreich aktualisiert.",
    "DisablingTaskAfterCreation": "Deaktiviere Aufgabe nach Erstellung aus Sicherheitsgründen (verhindert versehentliche Ausführung)...",
    "TaskDisabledAfterCreation": "Aufgabe nach Erstellung aus Sicherheitsgründen deaktiviert.",
    
    "SearchingTaskToDelete": "Suche nach geplanter Aufgabe zum Löschen...",
    "TaskFoundProceedingDeletion": "Aufgabe gefunden, fahre mit Löschung fort...",
    
    "LocatingTaskForExecution": "Lokalisiere geplante Aufgabe für Ausführung...",
    "TaskFoundCheckingState": "Aufgabe gefunden, überprüfe aktuellen Status...",
    "CurrentTaskState": "Aktueller Aufgaben-Status: {0}",
    "EnablingScheduledTask": "Aktiviere geplante Aufgabe...",
    "StartingTaskExecution": "Starte Aufgaben-Ausführung...",
    "WaitingForTaskToStart": "Warte kurz auf Beginn der Aufgaben-Ausführung...",
    "DisablingTaskForSecurity": "Deaktiviere Aufgabe aus Sicherheitsgründen (verhindert versehentliche zukünftige Ausführungen)...",
    "TaskDisabledForSecurity": "Aufgabe aus Sicherheitsgründen nach erfolgreicher Ausführung deaktiviert.",
    "CannotExecuteNonExistentTask": "Kann nicht-existierende Aufgabe nicht ausführen. Verwenden Sie zuerst add-job.",
    
    "LocatingTaskForTermination": "Lokalisiere geplante Aufgabe zum Beenden...",
    "TaskFoundCheckingExecutionStatus": "Aufgabe gefunden, überprüfe Ausführungs-Status...",
    "TaskLastResult": "Letztes Aufgaben-Ergebnis: {0}",
    "TaskLastRunTime": "Letzte Ausführungszeit: {0}",
    "TaskCurrentlyRunning": "Aufgabe läuft aktuell, stoppe sie...",
    "TaskNotCurrentlyRunning": "Aufgabe läuft aktuell nicht.",
    "ConfiguringTriggerHistoricDate": "Konfiguriere Trigger für einmalige Ausführung am 22.06.1982 08:00:00...",
    "TriggerUpdatedHistoricExecution": "Trigger für historische einmalige Ausführung aktualisiert.",
    "DisablingScheduledTask": "Deaktiviere geplante Aufgabe...",
    "COMOperationFailed": "COM-Operation für Trigger-Änderung fehlgeschlagen: {0}",
    "FallbackDisablingTask": "Verwende Fallback-Ansatz zum einfachen Deaktivieren der Aufgabe...",
    "TaskDisabled": "Geplante Aufgabe erfolgreich deaktiviert.",
    "NoTaskToKill": "Keine Aufgabe zum Beenden - Aufgabe existiert nicht.",
    
    "TaskFolderEmptyMessage": "Aufgaben-Verzeichnis '{0}' ist leer, versuche es zu entfernen...",
    "TaskFolderDeleted": "Leeres Aufgaben-Verzeichnis erfolgreich entfernt",
    "TaskFolderNotEmpty": "Aufgaben-Verzeichnis enthält {0} weitere Aufgaben und kann nicht entfernt werden",
    "TaskFolderDeleteError": "Konnte leeres Aufgaben-Verzeichnis nicht entfernen: {0}",
    
    "DeleteExistingTask": "Bestehende geplante Aufgabe gefunden. Lösche sie vor dem Erstellen einer neuen",
    "ImportingTask": "Importiere geplante Aufgabe aus XML-Datei",
    "TaskCreatedSuccessfully": "Geplante Aufgabe erfolgreich erstellt und konfiguriert",
    "TaskDeletedSuccessfully": "Geplante Aufgabe erfolgreich gelöscht",
    "TaskNotFound": "Warnung: Geplante Aufgabe nicht gefunden",
    "TaskEnabled": "Geplante Aufgabe erfolgreich aktiviert",
    "TaskStartedSuccessfully": "Geplante Aufgabe erfolgreich gestartet",
    "TaskStopped": "Laufende geplante Aufgabe erfolgreich gestoppt",
    "TaskDisabledAndConfigured": "Geplante Aufgabe gestoppt, deaktiviert und Trigger konfiguriert",
    "ScriptCompleted": "SysDaemon Vorgang erfolgreich abgeschlossen",
    
    "ErrorInvalidAction": "Ungültiger Action-Parameter '{0}'. Muss einer der folgenden sein: {1}",
    "ErrorMissingAction": "Fehlender oder leerer erforderlicher Parameter 'axn'. Gültige Aktionen sind: add-job, del-job, exec-job, kill-job",
    "ErrorXMLNotFound": "Fehler: XML-Datei nicht gefunden unter Pfad: {0}",
    "ErrorCreatingTask": "Fehler beim Erstellen der geplanten Aufgabe: {0}",
    "ErrorDeletingTask": "Fehler beim Löschen der geplanten Aufgabe: {0}",
    "ErrorExecutingTask": "Fehler beim Ausführen der geplanten Aufgabe: {0}",
    "ErrorKillingTask": "Fehler beim Stoppen der geplanten Aufgabe: {0}",
    "ErrorDuringKillJobOperation": "Fehler während kill-job Operation: {0}",
    "DetailedErrorMessage": "Detaillierter Fehler: {0}",
    
    "ErrorUnknownParameter": "Unbekannter Parameter angegeben: {0}",
    "ErrorAllowedParameters": "Nur folgende Parameter sind zulässig: {0}",
    "ErrorParameterUsageExample": "Verwendung: .\\sysdaemon.main.ps1 -axn \"add-job\" [-LangPack \"de-de.json\"]",
    "ErrorInvalidParameterUsage": "Ungültige Parameter-Verwendung. Bitte prüfen Sie die Log-Datei für Details.",
    "ErrorEmptyAxnParameter": "Der -axn Parameter darf nicht leer sein oder nur Leerzeichen enthalten.",
    "ErrorInvalidAxnValue": "Ungültiger Wert '{0}' für -axn Parameter. Muss einer der folgenden sein: {1}",
    "ErrorEmptyLangPackParameter": "Der -LangPack Parameter darf nicht leer sein oder nur Leerzeichen enthalten.",
    "ErrorInvalidLangPackFormat": "Ungültiges Sprachpaket-Format '{0}'. Sprachpaket-Dateien müssen auf '.json' enden.",
    "ErrorMissingParameterValue": "Parameter {0} erfordert einen Wert.",
    "ErrorUnexpectedArgument": "Unerwartetes Argument '{0}'. Nur Parameter mit '-' am Anfang sind zulässig."
}